<?xml version="1.0" encoding="UTF-8"?>


<beans 
    xmlns="http://www.springframework.org/schema/beans"
    xmlns:aop="http://www.springframework.org/schema/aop"
    xmlns:context="http://www.springframework.org/schema/context"
    xmlns:security="http://www.springframework.org/schema/security"
    xmlns:tx="http://www.springframework.org/schema/tx"
    xsi:schemaLocation="
        http://www.springframework.org/schema/aop http://www.springframework.org/schema/aop/spring-aop-3.0.xsd
        http://www.springframework.org/schema/beans http://www.springframework.org/schema/beans/spring-beans-3.0.xsd
        http://www.springframework.org/schema/context http://www.springframework.org/schema/context/spring-context-3.0.xsd
        http://www.springframework.org/schema/security http://www.springframework.org/schema/security/spring-security-3.0.xsd
        http://www.springframework.org/schema/tx http://www.springframework.org/schema/tx/spring-tx-3.0.xsd"
    xmlns:xsi="http://www.w3.org/2001/XMLSchema-instance">


<bean id="clo" class="pk.edu.nust.seecs.gradebook.dao.CloDao"/>
<bean id="content" class="pk.edu.nust.seecs.gradebook.dao.ContentDao"/>
<bean id="course" class="pk.edu.nust.seecs.gradebook.dao.CourseDao"/>
<bean id="grade" class="pk.edu.nust.seecs.gradebook.dao.GradeDao"/>
<bean id="student" class="pk.edu.nust.seecs.gradebook.dao.StudentDao"/>
<bean id="teacher" class="pk.edu.nust.seecs.gradebook.dao.TeacherDao"/>

<bean id="bo" class="model.BO">
    <property name="cloDao" ref="clo"/>
    <property name="contentDao" ref="content"/>
    <property name="courseDao" ref="course"/>
    <property name="gradeDao" ref="grade"/>
    <property name="teacherDao" ref="teacher"/>
    <property name="studentDao" ref="student"/>
    
</bean>

</beans>
