<?xml version="1.0" encoding="UTF-8"?>
<project-private xmlns="http://www.netbeans.org/ns/project-private/1">
    <editor-bookmarks xmlns="http://www.netbeans.org/ns/editor-bookmarks/2" lastBookmarkId="0"/>
    <open-files xmlns="http://www.netbeans.org/ns/projectui-open-files/2">
        <group>
            <file>file:/C:/Users/test1/Downloads/Lab06/src/lab06/GreatCircle.java</file>
            <file>file:/C:/Users/test1/Downloads/Lab06/src/lab06/IntNum.java</file>
            <file>file:/C:/Users/test1/Downloads/Lab06/src/lab06/IntDistance.java</file>
            <file>file:/C:/Users/test1/Downloads/Lab06/src/lab06/Lab05.java</file>
            <file>file:/C:/Users/test1/Downloads/Lab06/src/lab06/StoreData.java</file>
            <file>file:/C:/Users/test1/Downloads/Lab06/test/lab06/Lab05Test.java</file>
        </group>
    </open-files>
</project-private>
